sample,truth_edit%,ICE,ICE_d,KO,truth_HDR%,ICE_HDR,R2
nr2f2_ko_pool_g1,75.0,74,61,53.0,0.0,0.0,0.99
nr2f2_ko_clone_het_wt_m1,50.0,49,39,49.0,0.0,0.0,0.99
nr2f2_ko_clone_compound,100.0,99,86,99.0,0.0,0.0,0.99
nr2f2_ko_clone_hom_m1,100.0,100,78,100.0,0.0,0.0,1.0
nr2f2_del_two_guides,70.0,68,55,68.0,0.0,0.0,0.99
nr2f2_ha_hdr_pool,70.0,68,57,39.0,30.0,28.999999999999996,0.99
nr2f2_ha_hdr_clone_het,50.0,48,45,0.0,50.0,48.0,0.99
nr2f2_ha_hdr_clone_hom,100.0,100,91,0.0,100.0,100.0,1.0
apoe_snp_hdr_pool,80.0,82,34,32.0,35.0,50.0,1.0
apoe_snp_clone_het,50.0,54,3,0.0,50.0,54.0,1.0
apoe_snp_clone_hom,100.0,100,5,0.0,100.0,100.0,1.0
apoe_snp_clone_partial_het,100.0,93,4,0.0,50.0,93.0,1.0
