family,assured_qc,ice,peaksplit,traceedit,n_traces
compound_het,0.49,2.45,11.29,0.0,11
hdr_graded,2.93,3.25,3.3,5.5,56
hdr_with_indel,6.73,10.71,9.43,11.6,21
hom_or_het_small_indel,0.91,0.95,5.15,1.53,76
large_deletion,1.45,38.71,6.25,1.22,22
low_fraction_indel,0.53,2.39,3.12,1.16,18
mixed_alleles,3.77,5.81,5.39,13.95,16
noisy,4.21,4.11,10.79,9.08,44
partial_conversion,4.96,35.47,35.9,8.73,15
pool,0.79,1.79,9.21,0.55,11
two_cut_graded,0.57,1.64,2.35,1.03,42
two_cut_junction_shift,0.64,14.75,1.56,0.82,12
two_cut_plus_indel,0.52,1.75,3.78,0.55,12
wt,0.61,0.12,4.22,1.61,42
