tool,family,level,n,sensitivity,median_est
assured_qc,hdr_graded,2.0,8,0.25,1.65
assured_qc,hdr_graded,5.0,8,0.75,4.3
assured_qc,hdr_graded,10.0,8,1.0,11.9
assured_qc,hdr_graded,25.0,8,1.0,24.0
assured_qc,hdr_graded,50.0,8,1.0,47.05
assured_qc,hdr_graded,75.0,8,1.0,73.7
assured_qc,hdr_graded,100.0,8,1.0,99.85
assured_qc,low_fraction_indel,2.0,6,0.167,1.7
assured_qc,low_fraction_indel,5.0,6,1.0,4.45
assured_qc,low_fraction_indel,10.0,6,1.0,9.8
assured_qc,two_cut_graded,2.0,6,0.167,1.55
assured_qc,two_cut_graded,5.0,6,1.0,4.65
assured_qc,two_cut_graded,10.0,6,1.0,9.55
assured_qc,two_cut_graded,25.0,6,1.0,24.55
assured_qc,two_cut_graded,50.0,6,1.0,49.45
assured_qc,two_cut_graded,75.0,6,1.0,74.3
assured_qc,two_cut_graded,100.0,6,1.0,100.0
ice,hdr_graded,2.0,8,0.125,0.0
ice,hdr_graded,5.0,8,0.625,3.0
ice,hdr_graded,10.0,8,1.0,8.0
ice,hdr_graded,25.0,8,1.0,23.5
ice,hdr_graded,50.0,8,1.0,49.5
ice,hdr_graded,75.0,8,1.0,80.5
ice,hdr_graded,100.0,8,1.0,99.5
ice,low_fraction_indel,2.0,6,0.0,0.0
ice,low_fraction_indel,5.0,6,0.833,2.0
ice,low_fraction_indel,10.0,6,1.0,8.0
ice,two_cut_graded,2.0,6,0.0,0.0
ice,two_cut_graded,5.0,6,0.667,2.0
ice,two_cut_graded,10.0,6,1.0,7.0
ice,two_cut_graded,25.0,6,1.0,23.5
ice,two_cut_graded,50.0,6,1.0,49.0
ice,two_cut_graded,75.0,6,1.0,76.0
ice,two_cut_graded,100.0,6,1.0,100.0
peaksplit,hdr_graded,2.0,8,0.625,2.53
peaksplit,hdr_graded,5.0,8,1.0,8.15
peaksplit,hdr_graded,10.0,8,1.0,13.84
peaksplit,hdr_graded,25.0,8,1.0,24.055
peaksplit,hdr_graded,50.0,8,1.0,47.505
peaksplit,hdr_graded,75.0,8,1.0,72.985
peaksplit,hdr_graded,100.0,8,1.0,99.65
peaksplit,low_fraction_indel,2.0,6,1.0,4.04
peaksplit,low_fraction_indel,5.0,6,1.0,8.315
peaksplit,low_fraction_indel,10.0,6,1.0,13.195
peaksplit,two_cut_graded,2.0,6,1.0,4.05
peaksplit,two_cut_graded,5.0,6,1.0,7.015
peaksplit,two_cut_graded,10.0,6,1.0,12.295
peaksplit,two_cut_graded,25.0,6,1.0,28.62
peaksplit,two_cut_graded,50.0,6,1.0,53.29
peaksplit,two_cut_graded,75.0,6,1.0,76.11
peaksplit,two_cut_graded,100.0,6,1.0,100.0
traceedit,hdr_graded,2.0,8,0.75,2.855
traceedit,hdr_graded,5.0,8,1.0,5.85
traceedit,hdr_graded,10.0,8,1.0,13.165
traceedit,hdr_graded,25.0,8,1.0,24.93
traceedit,hdr_graded,50.0,8,1.0,71.305
traceedit,hdr_graded,75.0,8,1.0,74.31
traceedit,hdr_graded,100.0,8,1.0,100.0
traceedit,low_fraction_indel,2.0,6,1.0,2.665
traceedit,low_fraction_indel,5.0,6,1.0,5.905
traceedit,low_fraction_indel,10.0,6,1.0,11.495
traceedit,two_cut_graded,2.0,6,1.0,2.61
traceedit,two_cut_graded,5.0,6,1.0,6.09
traceedit,two_cut_graded,10.0,6,1.0,11.0
traceedit,two_cut_graded,25.0,6,1.0,26.675
traceedit,two_cut_graded,50.0,6,1.0,51.685
traceedit,two_cut_graded,75.0,6,1.0,75.34
traceedit,two_cut_graded,100.0,6,1.0,100.0
