plate,well,code,direction,sequencing_primer
1,A1,S001,R,locus reverse primer
1,B1,S002,R,locus reverse primer
1,C1,S003,F,locus forward primer
1,D1,S004,F,locus forward primer
1,E1,S005,R,locus reverse primer
1,F1,S006,F,locus forward primer
1,G1,S007,R,locus reverse primer
1,H1,S008,F,locus forward primer
1,A2,S009,F,locus forward primer
1,B2,S010,R,locus reverse primer
1,C2,S011,R,locus reverse primer
1,D2,S012,R,locus reverse primer
1,E2,S013,R,locus reverse primer
1,F2,S014,F,locus forward primer
1,G2,S015,R,locus reverse primer
1,H2,S016,F,locus forward primer
1,A3,S017,F,locus forward primer
1,B3,S018,R,locus reverse primer
1,C3,S019,F,locus forward primer
1,D3,S020,F,locus forward primer
1,E3,S021,F,locus forward primer
1,F3,S022,F,locus forward primer
1,G3,S023,R,locus reverse primer
1,H3,S024,F,locus forward primer
1,A4,S025,R,locus reverse primer
1,B4,S026,R,locus reverse primer
1,C4,S027,R,locus reverse primer
1,D4,S028,R,locus reverse primer
1,E4,S029,R,locus reverse primer
1,F4,S030,R,locus reverse primer
1,G4,S031,F,locus forward primer
1,H4,S032,F,locus forward primer
1,A5,S033,F,locus forward primer
1,B5,S034,R,locus reverse primer
1,C5,S035,R,locus reverse primer
1,D5,S036,R,locus reverse primer
1,E5,S037,F,locus forward primer
1,F5,S038,F,locus forward primer
1,G5,S039,F,locus forward primer
1,H5,S040,R,locus reverse primer
1,A6,S041,F,locus forward primer
1,B6,S042,F,locus forward primer
1,C6,S043,F,locus forward primer
1,D6,S044,R,locus reverse primer
1,E6,S045,R,locus reverse primer
1,F6,S046,R,locus reverse primer
1,G6,S047,R,locus reverse primer
1,H6,S048,R,locus reverse primer
1,A7,S049,R,locus reverse primer
1,B7,S050,F,locus forward primer
1,C7,S051,F,locus forward primer
1,D7,S052,F,locus forward primer
1,E7,S053,R,locus reverse primer
1,F7,S054,R,locus reverse primer
1,G7,S055,R,locus reverse primer
1,H7,S056,R,locus reverse primer
1,A8,S057,F,locus forward primer
1,B8,S058,R,locus reverse primer
1,C8,S059,F,locus forward primer
1,D8,S060,F,locus forward primer
1,E8,S061,F,locus forward primer
1,F8,S062,F,locus forward primer
1,G8,S063,F,locus forward primer
1,H8,S064,F,locus forward primer
1,A9,S065,F,locus forward primer
1,B9,S066,R,locus reverse primer
1,C9,S067,F,locus forward primer
1,D9,S068,F,locus forward primer
1,E9,S069,R,locus reverse primer
1,F9,S070,R,locus reverse primer
1,G9,S071,F,locus forward primer
1,H9,S072,R,locus reverse primer
1,A10,S073,F,locus forward primer
1,B10,S074,F,locus forward primer
1,C10,S075,R,locus reverse primer
1,D10,S076,R,locus reverse primer
1,E10,S077,F,locus forward primer
1,F10,S078,F,locus forward primer
1,G10,S079,R,locus reverse primer
1,H10,S080,R,locus reverse primer
1,A11,S081,R,locus reverse primer
1,B11,S082,R,locus reverse primer
1,C11,S083,R,locus reverse primer
1,D11,S084,F,locus forward primer
1,E11,S085,F,locus forward primer
1,F11,S086,F,locus forward primer
1,G11,S087,F,locus forward primer
1,H11,S088,F,locus forward primer
1,A12,S089,F,locus forward primer
1,B12,S090,F,locus forward primer
1,C12,S091,R,locus reverse primer
1,D12,S092,F,locus forward primer
1,E12,S093,F,locus forward primer
1,F12,S094,R,locus reverse primer
1,G12,S095,F,locus forward primer
2,A1,S096,R,locus reverse primer
2,B1,S097,R,locus reverse primer
2,C1,S098,F,locus forward primer
2,D1,S099,R,locus reverse primer
2,E1,S100,R,locus reverse primer
2,F1,S101,R,locus reverse primer
2,G1,S102,F,locus forward primer
2,H1,S103,F,locus forward primer
2,A2,S104,R,locus reverse primer
2,B2,S105,F,locus forward primer
2,C2,S106,F,locus forward primer
2,D2,S107,R,locus reverse primer
2,E2,S108,F,locus forward primer
2,F2,S109,F,locus forward primer
2,G2,S110,F,locus forward primer
2,H2,S111,R,locus reverse primer
2,A3,S112,R,locus reverse primer
2,B3,S113,F,locus forward primer
2,C3,S114,F,locus forward primer
2,D3,S115,F,locus forward primer
2,E3,S116,F,locus forward primer
2,F3,S117,F,locus forward primer
2,G3,S118,F,locus forward primer
2,H3,S119,R,locus reverse primer
2,A4,S120,R,locus reverse primer
2,B4,S121,F,locus forward primer
2,C4,S122,F,locus forward primer
2,D4,S123,R,locus reverse primer
2,E4,S124,R,locus reverse primer
2,F4,S125,R,locus reverse primer
2,G4,S126,R,locus reverse primer
2,H4,S127,R,locus reverse primer
2,A5,S128,R,locus reverse primer
2,B5,S129,R,locus reverse primer
2,C5,S130,F,locus forward primer
2,D5,S131,F,locus forward primer
2,E5,S132,F,locus forward primer
2,F5,S133,F,locus forward primer
2,G5,S134,R,locus reverse primer
2,H5,S135,F,locus forward primer
2,A6,S136,R,locus reverse primer
2,B6,S137,F,locus forward primer
2,C6,S138,F,locus forward primer
2,D6,S139,F,locus forward primer
2,E6,S140,R,locus reverse primer
2,F6,S141,R,locus reverse primer
2,G6,S142,R,locus reverse primer
2,H6,S143,R,locus reverse primer
2,A7,S144,R,locus reverse primer
2,B7,S145,F,locus forward primer
2,C7,S146,F,locus forward primer
2,D7,S147,R,locus reverse primer
2,E7,S148,R,locus reverse primer
2,F7,S149,R,locus reverse primer
2,G7,S150,R,locus reverse primer
2,H7,S151,R,locus reverse primer
2,A8,S152,F,locus forward primer
2,B8,S153,F,locus forward primer
2,C8,S154,F,locus forward primer
2,D8,S155,F,locus forward primer
2,E8,S156,R,locus reverse primer
2,F8,S157,F,locus forward primer
2,G8,S158,R,locus reverse primer
2,H8,S159,R,locus reverse primer
2,A9,S160,R,locus reverse primer
2,B9,S161,R,locus reverse primer
2,C9,S162,R,locus reverse primer
2,D9,S163,F,locus forward primer
2,E9,S164,R,locus reverse primer
1,H12,NTC1,F,locus forward primer
2,H12,NTC2,F,locus forward primer
